{
    "actionModel": "MAPF_T",
    "AllValid": "Yes",
    "teamSize": 800,
    "start": [],
    "numTaskFinished": 4547,
    "sumOfCost": 360000,
    "makespan": 450,
    "actualPaths": [],
    "plannerPaths": [],
    "plannerTimes": [
        0.01018306,
        0.014517163,
        0.014560112,
        0.014035313,
        0.012887965,
        0.012819048,
        0.012988381,
        0.016056685,
        0.001929963,
        0.001495741,
        0.000988916,
        0.000578879,
        0.001926116,
        0.001905689,
        0.002890837,
        0.002297442,
        0.000829691,
        0.001907321,
        0.00179312,
        0.002147335,
        0.001438135,
        0.001394915,
        0.001509397,
        0.001830189,
        0.002089568,
        0.001115329,
        0.001551354,
        0.001151696,
        0.002485389,
        0.003257314,
        0.002227523,
        0.002902829,
        0.002354407,
        0.00189024,
        0.001826352,
        0.002054042,
        0.002210822,
        0.001795746,
        0.002044434,
        0.001421434,
        0.001333512,
        0.001967232,
        0.001476506,
        0.001657049,
        0.001842723,
        0.002961918,
        0.0016791,
        0.00254554,
        0.001738119,
        0.00186852,
        0.002295247,
        0.001244328,
        0.001979204,
        0.001285203,
        0.001542167,
        0.001951122,
        0.001859113,
        0.001927729,
        0.001653523,
        0.002021152,
        0.003008796,
        0.002429896,
        0.002731072,
        0.002939347,
        0.003227238,
        0.002862285,
        0.002325724,
        0.002057909,
        0.002946571,
        0.003768057,
        0.001591659,
        0.002727746,
        0.002300257,
        0.001707563,
        0.001450629,
        0.002476011,
        0.001660345,
        0.002408106,
        0.002579592,
        0.003514108,
        0.002869458,
        0.001865995,
        0.001820982,
        0.001850426,
        0.003000079,
        0.003064658,
        0.002247079,
        0.001512773,
        0.000966455,
        0.001215234,
        0.00201485,
        0.001475414,
        0.001343781,
        0.002122629,
        0.002452728,
        0.001547868,
        0.001706841,
        0.002270953,
        0.00276728,
        0.001793371,
        0.002256526,
        0.001853372,
        0.001541116,
        0.001907582,
        0.00183588,
        0.002656104,
        0.001842502,
        0.001594074,
        0.001244177,
        0.00185208,
        0.001938268,
        0.002094998,
        0.002142315,
        0.001593592,
        0.001802428,
        0.002056326,
        0.001711931,
        0.001869612,
        0.001142059,
        0.001875513,
        0.002223115,
        0.003766233,
        0.002370046,
        0.002711496,
        0.001285724,
        0.001822915,
        0.001675473,
        0.002758273,
        0.001932307,
        0.002664359,
        0.001622235,
        0.001607639,
        0.001772873,
        0.001471958,
        0.002219478,
        0.001699077,
        0.00279468,
        0.002315385,
        0.003056684,
        0.001537108,
        0.001796837,
        0.00120759,
        0.001844596,
        0.001631963,
        0.001483269,
        0.001301553,
        0.001678248,
        0.00147877,
        0.001908994,
        0.001284031,
        0.002121246,
        0.001626103,
        0.001877626,
        0.001877316,
        0.002241869,
        0.002118631,
        0.002199841,
        0.001594564,
        0.001869181,
        0.001653773,
        0.001898125,
        0.001899697,
        0.001092347,
        0.001255107,
        0.002241669,
        0.002651305,
        0.002342515,
        0.002160229,
        0.001528502,
        0.001253695,
        0.00138654,
        0.001505469,
        0.001680242,
        0.002114013,
        0.002175486,
        0.001973133,
        0.001734282,
        0.001698506,
        0.001903915,
        0.001982881,
        0.001909165,
        0.002511266,
        0.001981589,
        0.001879239,
        0.001990175,
        0.002608385,
        0.001523884,
        0.001352747,
        0.001600164,
        0.002015581,
        0.002137557,
        0.00233988,
        0.002037181,
        0.001825691,
        0.001222186,
        0.001294851,
        0.002153156,
        0.001637453,
        0.001304799,
        0.001506872,
        0.002440686,
        0.001996035,
        0.002371659,
        0.002017996,
        0.002343818,
        0.000880696,
        0.001056861,
        0.002000143,
        0.00222601,
        0.002562301,
        0.002759756,
        0.001759739,
        0.001409332,
        0.00197694,
        0.001117794,
        0.0006987300000000001,
        0.001374397,
        0.00139735,
        0.001859964,
        0.0019553,
        0.002266064,
        0.001404513,
        0.001365391,
        0.001092727,
        0.001536707,
        0.001479361,
        0.001455928,
        0.001546445,
        0.002324783,
        0.001402589,
        0.002379162,
        0.001205716,
        0.002463749,
        0.001134475,
        0.002127709,
        0.001518885,
        0.001852341,
        0.002117169,
        0.002100428,
        0.002470401,
        0.002429265,
        0.003065931,
        0.002516446,
        0.002206053,
        0.002364416,
        0.001728401,
        0.001252593,
        0.002016934,
        0.002490809,
        0.001914865,
        0.001236974,
        0.001077079,
        0.001821523,
        0.001708284,
        0.001713423,
        0.001953166,
        0.002256516,
        0.001851539,
        0.002135172,
        0.001842381,
        0.001125829,
        0.001613168,
        0.001963565,
        0.00113187,
        0.0019988,
        0.001827353,
        0.002482163,
        0.001216506,
        0.002306098,
        0.001751424,
        0.001459234,
        0.001453494,
        0.001381441,
        0.001360472,
        0.003000991,
        0.001797679,
        0.00264852,
        0.002487543,
        0.001584195,
        0.001005216,
        0.001171703,
        0.000986742,
        0.001504026,
        0.002100317,
        0.001450208,
        0.00181979,
        0.002630016,
        0.002059963,
        0.003158191,
        0.001284692,
        0.001392481,
        0.000883731,
        0.001963675,
        0.001966671,
        0.002786655,
        0.001281185,
        0.001970568,
        0.001492575,
        0.002168413,
        0.001464123,
        0.002229176,
        0.001478389,
        0.001487546,
        0.001895941,
        0.001414201,
        0.002311468,
        0.001829948,
        0.001525517,
        0.003061032,
        0.001517933,
        0.001769777,
        0.001535274,
        0.002541853,
        0.001688829,
        0.001614761,
        0.001995605,
        0.002312209,
        0.001744501,
        0.002255053,
        0.001847922,
        0.002130573,
        0.00323355,
        0.002163424,
        0.001620081,
        0.001578985,
        0.001601306,
        0.001553198,
        0.002192257,
        0.002219428,
        0.002375616,
        0.00187949,
        0.002095979,
        0.001823246,
        0.001836301,
        0.001838384,
        0.001345784,
        0.001699838,
        0.001923912,
        0.001484981,
        0.00094249,
        0.001329575,
        0.002538837,
        0.000700303,
        0.002280842,
        0.000957468,
        0.001461028,
        0.002180736,
        0.001012479,
        0.001328453,
        0.002598468,
        0.002167261,
        0.001591919,
        0.001883418,
        0.003214576,
        0.002107421,
        0.001898425,
        0.002273547,
        0.00146232,
        0.001501923,
        0.001455107,
        0.002685818,
        0.001517542,
        0.00136505,
        0.001908594,
        0.00217733,
        0.00148381,
        0.001130237,
        0.00157611,
        0.002882131,
        0.001720136,
