{
    "actionModel": "MAPF_T",
    "AllValid": "Yes",
    "teamSize": 800,
    "start": [],
    "numTaskFinished": 4642,
    "sumOfCost": 360000,
    "makespan": 450,
    "actualPaths": [],
    "plannerPaths": [],
    "plannerTimes": [
        0.011017723,
        0.014643865,
        0.014384611,
        0.011759346,
        0.01036757,
        0.011378686,
        0.009910268,
        0.009268472,
        0.001212541,
        0.000669328,
        0.000918462,
        0.001529542,
        0.002280012,
        0.001868404,
        0.001781742,
        0.000566607,
        0.001164071,
        0.00047205,
        0.000712799,
        0.000833674,
        0.001530323,
        0.002479994,
        0.001566911,
        0.002017221,
        0.001966657,
        0.001014292,
        0.000944972,
        0.001195218,
        0.001318739,
        0.001389441,
        0.000980509,
        0.001557304,
        0.001468298,
        0.001336982,
        0.002089616,
        0.001405371,
        0.002124842,
        0.001414077,
        0.001702996,
        0.002475916,
        0.001996332,
        0.00098679,
        0.001025031,
        0.001886257,
        0.002012803,
        0.001167326,
        0.001194086,
        0.001881058,
        0.002550366,
        0.001555551,
        0.00115304,
        0.001647311,
        0.001631001,
        0.00112084,
        0.001536696,
        0.002098342,
        0.000999905,
        0.00116379,
        0.001563966,
        0.001470822,
        0.001637493,
        0.002575252,
        0.001053895,
        0.001489046,
        0.001656278,
        0.002155839,
        0.001888471,
        0.002427477,
        0.001803403,
        0.001670775,
        0.001425758,
        0.000925045,
        0.001527057,
        0.001846684,
        0.001464631,
        0.002742413,
        0.002137425,
        0.001363402,
        0.001567403,
        0.001029249,
        0.001221628,
        0.001341281,
        0.001358614,
        0.00122814,
        0.001223641,
        0.001927644,
        0.001474158,
        0.002385127,
        0.002168143,
        0.001369003,
        0.001527548,
        0.001580788,
        0.001656378,
        0.001905824,
        0.001948493,
        0.002075279,
        0.000907873,
        0.001701683,
        0.001578674,
        0.001618367,
        0.001562534,
        0.001831625,
        0.001264167,
        0.000955752,
        0.000910708,
        0.00116926,
        0.001449323,
        0.002127807,
        0.001460142,
        0.001552785,
        0.001945027,
        0.00102436,
        0.001557554,
        0.001166355,
        0.001966075,
        0.001407354,
        0.001145566,
        0.001524051,
        0.001801218,
        0.001468458,
        0.0013733,
        0.002197678,
        0.001432711,
        0.001082238,
        0.00120145,
        0.001478887,
        0.001014492,
        0.001284084,
        0.001060217,
        0.002572306,
        0.001266111,
        0.001207121,
        0.001557284,
        0.00106733,
        0.001089852,
        0.002111657,
        0.001004964,
        0.00150126,
        0.001865378,
        0.002053739,
        0.00174344,
        0.002003376,
        0.001282972,
        0.002365771,
        0.001162077,
        0.001306025,
        0.00116883,
        0.001834501,
        0.002029504,
        0.001279986,
        0.001057772,
        0.002177009,
        0.002696548,
        0.001645408,
        0.001212421,
        0.002108311,
        0.001760522,
        0.002088815,
        0.001500779,
        0.001198695,
        0.002050053,
        0.001852104,
        0.001383229,
        0.002169135,
        0.002241379,
        0.00146917,
        0.001166195,
        0.001401112,
        0.001478376,
        0.001425238,
        0.002694915,
        0.001623768,
        0.001244471,
        0.001618298,
        0.001650217,
        0.001532898,
        0.001129065,
        0.000962705,
        0.00188237,
        0.002167171,
        0.0026817,
        0.002316188,
        0.001620461,
        0.001683118,
        0.001551924,
        0.001892108,
        0.001114638,
        0.001227749,
        0.001863776,
        0.002659259,
        0.001443551,
        0.00123382,
        0.002297093,
        0.002303515,
        0.001222159,
        0.001436008,
        0.001816247,
        0.001452659,
        0.001642403,
        0.002387361,
        0.002711977,
        0.002026709,
        0.001573614,
        0.001741497,
        0.001677517,
        0.001333587,
        0.00182357,
        0.002213607,
        0.00135687,
        0.00156091,
        0.001558837,
        0.00251558,
        0.002247761,
        0.00121738,
        0.001703295,
        0.001820574,
        0.001813181,
        0.001787884,
        0.003087396,
        0.001929999,
        0.00116384,
        0.002187008,
        0.001360337,
        0.001321905,
        0.002181187,
        0.001161576,
        0.00126075,
        0.002136022,
        0.001862532,
        0.00106722,
        0.001486482,
        0.001060898,
        0.002514779,
        0.001762807,
        0.002602723,
        0.002149799,
        0.002314796,
        0.001094661,
        0.001629188,
        0.002958326,
        0.000991589,
        0.001958441,
        0.001070085,
        0.0016784,
        0.001000205,
        0.002296713,
        0.001757988,
        0.00105091,
        0.002573779,
        0.001287901,
        0.002114723,
        0.001724666,
        0.001346431,
        0.001009482,
        0.001428684,
        0.001709298,
        0.001488966,
        0.001923617,
        0.002475265,
        0.002015709,
        0.001331302,
        0.001859256,
        0.001547456,
        0.000962996,
        0.001191491,
        0.000844565,
        0.002194371,
        0.002436063,
        0.002250476,
        0.001691093,
        0.001048826,
        0.000935935,
        0.001716271,
        0.001266902,
        0.001476283,
        0.001288813,
        0.001551142,
        0.001706712,
        0.00201648,
        0.001717482,
        0.000866927,
        0.001532247,
        0.001224253,
        0.001549319,
        0.001266571,
        0.000899517,
        0.001729144,
        0.00114273,
        0.001789777,
        0.00208123,
        0.002656603,
        0.00216119,
        0.001615422,
        0.001342523,
        0.001255912,
        0.001503483,
        0.000947847,
        0.001277011,
        0.00173781,
        0.001327605,
        0.001890144,
        0.000923392,
        0.00176413,
        0.001572843,
        0.001280798,
        0.001310464,
        0.000904005,
        0.001973891,
        0.001532718,
        0.001135026,
        0.001662209,
        0.001762537,
        0.001581629,
        0.001738212,
        0.001420969,
        0.001862833,
        0.00180218,
        0.001323408,
        0.000969457,
        0.00175934,
        0.002285621,
        0.001424005,
        0.001486722,
        0.001156867,
        0.000554584,
        0.001186582,
        0.001130758,
        0.000994795,
        0.001840833,
        0.001465262,
        0.000882696,
        0.001178357,
        0.001407665,
        0.001982737,
        0.002240046,
        0.002171288,
        0.001470262,
        0.001064886,
        0.001047733,
        0.001929999,
        0.001226186,
        0.001403467,
        0.000825099,
        0.001713575,
        0.001707684,
        0.001545632,
        0.0026066,
        0.001556452,
        0.001664554,
        0.001315132,
        0.00146394,
        0.001778175,
        0.000982321,
        0.001552755,
        0.00170001,
        0.001903048,
        0.001240953,
        0.00152848,
        0.001139314,
        0.000797347,
        0.001068903,
        0.001157448,
        0.001942762,
        0.001427762,
        0.001090844,
        0.001289675,
        0.001265489,
        0.000939601,
        0.001994589,
        0.002410204,
        0.002553481,
